{
  "name": "elecV2P 定时任务订阅",
  "author": "留个名字",
  "note": "xx 导出的任务订阅。该订阅适用于 elecV2P，与其他软件并不兼容。相关说明参考：https://github.com/elecV2/elecV2P-dei/tree/master/docs/06-task.md",
  "date": "2021-12-06 13:17:06",
  "type": "task",
  "list": [
    {
      "name": "晶彩天气看看赚",
      "type": "cron",
      "time": "30 9,20 * * *",
      "running": true,
      "job": {
        "type": "runjs",
        "target": "https://ghproxy.com/https://raw.githubusercontent.com/leafxcy/JavaScript/main/jctq/jctq_kkz.js"
      }
    },
    {
      "name": "晶彩天气文章视频",
      "type": "cron",
      "time": "20 7,18 * * *",
      "running": true,
      "job": {
        "type": "runjs",
        "target": "https://ghproxy.com/https://raw.githubusercontent.com/leafxcy/JavaScript/main/jctq/jctq_read.js"
      }
    },
    {
      "name": "晶彩天气日常任务",
      "type": "cron",
      "time": "15,45 * * * *",
      "running": true,
      "job": {
        "type": "runjs",
        "target": "https://ghproxy.com/https://raw.githubusercontent.com/leafxcy/JavaScript/main/jctq/jctq_daily.js"
      }
    },
    {
      "name": "晶彩天气任务签到",
      "type": "cron",
      "time": "30 22 * * *",
      "running": true,
      "job": {
        "type": "runjs",
        "target": "https://ghproxy.com/https://raw.githubusercontent.com/leafxcy/JavaScript/main/jctq/jctq_reward.js"
      }
    },
    {
      "name": "中青签到",
      "type": "cron",
      "time": "15 2 * * *",
      "running": true,
      "job": {
        "type": "runjs",
        "target": "https://ghproxy.com/https://raw.githubusercontent.com/shaolin-kongfu/js_scripts/main/zq/zqqd.js"
      }
    },
    {
      "name": "中青文章",
      "type": "cron",
      "time": "30 7,12,18 * * *",
      "running": true,
      "job": {
        "type": "runjs",
        "target": "https://ghproxy.com/https://raw.githubusercontent.com/shaolin-kongfu/js_scripts/main/zq/zqwz.js"
      }
    },
    {
      "name": "中青看看赚",
      "type": "cron",
      "time": "45 9 * * *",
      "running": true,
      "job": {
        "type": "runjs",
        "target": "https://ghproxy.com/https://raw.githubusercontent.com/shaolin-kongfu/js_scripts/main/zq/zqkkz.js"
      }
    },
    {
      "name": "中青火爆转发",
      "type": "cron",
      "time": "15 6,12,18 * * *",
      "running": true,
      "job": {
        "type": "runjs",
        "target": "https://ghproxy.com/https://raw.githubusercontent.com/shaolin-kongfu/js_scripts/main/zq/zq_share.js"
      }
    },
    {
      "name": "中青福利视频",
      "type": "cron",
      "time": "20 21 * * *",
      "running": true,
      "job": {
        "type": "runjs",
        "target": "https://ghproxy.com/https://raw.githubusercontent.com/shaolin-kongfu/js_scripts/main/zq/zq_Adv_video.js"
      }
    },
    {
      "name": "中青每日任务宝箱领取",
      "type": "cron",
      "time": "15 22 * * *",
      "running": true,
      "job": {
        "type": "runjs",
        "target": "https://ghproxy.com/https://raw.githubusercontent.com/shaolin-kongfu/js_scripts/main/zq/zqbox.js"
      }
    },
    {
      "name": "中青每日收益统计",
      "type": "cron",
      "time": "15 23 * * *",
      "running": true,
      "job": {
        "type": "runjs",
        "target": "https://ghproxy.com/https://raw.githubusercontent.com/shaolin-kongfu/js_scripts/main/zq/zq_today_score.js"
      }
    },
    {
      "name": "中青好友签到红包",
      "type": "cron",
      "time": "15 7 * * *",
      "running": true,
      "job": {
        "type": "runjs",
        "target": "https://ghproxy.com/https://raw.githubusercontent.com/shaolin-kongfu/js_scripts/main/zq/zq_friendSign.js"
      }
    },
    {
      "name": "中青抽奖",
      "type": "cron",
      "time": "34 22 * * *",
      "running": true,
      "job": {
        "type": "runjs",
        "target": "https://ghproxy.com/https://raw.githubusercontent.com/shaolin-kongfu/js_scripts/main/zq/zq_Rotary.js"
      }
    },
    {
      "name": "中青打卡赚",
      "type": "cron",
      "time": "34 5,9 * * *",
      "running": true,
      "job": {
        "type": "runjs",
        "target": "https://ghproxy.com/https://raw.githubusercontent.com/shaolin-kongfu/js_scripts/main/zq/zq_wakeup.js"
      }
    },
    {
      "name": "中青搜索赚",
      "type": "cron",
      "time": "35 5 * * *",
      "running": true,
      "job": {
        "type": "runjs",
        "target": "https://ghproxy.com/https://raw.githubusercontent.com/shaolin-kongfu/js_scripts/main/zq/zqssz.js"
      }
    },
    {
      "name": "中青浏览赚",
      "type": "cron",
      "time": "34 6 * * *",
      "running": true,
      "job": {
        "type": "runjs",
        "target": "https://ghproxy.com/https://raw.githubusercontent.com/shaolin-kongfu/js_scripts/main/zq/zqllz.js"
      }
    },
    {
      "name": "中青阅读翻倍",
      "type": "cron",
      "time": "34 5 * * 1",
      "running": true,
      "job": {
        "type": "runjs",
        "target": "https://ghproxy.com/https://raw.githubusercontent.com/shaolin-kongfu/js_scripts/main/zq/zq_double.js"
      }
    },
    {
      "name": "中青自动提现",
      "type": "cron",
      "time": "25 10 * * *",
      "running": true,
      "job": {
        "type": "runjs",
        "target": "https://ghproxy.com/https://raw.githubusercontent.com/shaolin-kongfu/js_scripts/main/zq/zq_withdraw.js"
      }
    },
    {
      "name": "晶彩签到",
      "type": "cron",
      "time": "15 2 * * *",
      "running": true,
      "job": {
        "type": "runjs",
        "target": "https://ghproxy.com/https://raw.githubusercontent.com/shaolin-kongfu/js_scripts/main/jcqd.js"
      }
    },
    {
      "name": "晶彩文章",
      "type": "cron",
      "time": "30 7,12,18 * * *",
      "running": true,
      "job": {
        "type": "runjs",
        "target": "https://ghproxy.com/https://raw.githubusercontent.com/shaolin-kongfu/js_scripts/main/jcwz.js"
      }
    },
    {
      "name": "晶彩看看赚",
      "type": "cron",
      "time": "45 9 * * *",
      "running": true,
      "job": {
        "type": "runjs",
        "target": "https://ghproxy.com/https://raw.githubusercontent.com/shaolin-kongfu/js_scripts/main/jckkz.js"
      }
    },
    {
      "name": "晶彩火爆转发",
      "type": "cron",
      "time": "15 6,12,18 * * *",
      "running": true,
      "job": {
        "type": "runjs",
        "target": "https://ghproxy.com/https://raw.githubusercontent.com/shaolin-kongfu/js_scripts/main/jc_share.js"
      }
    },
    {
      "name": "晶彩福利视频",
      "type": "cron",
      "time": "20 21 * * *",
      "running": true,
      "job": {
        "type": "runjs",
        "target": "https://ghproxy.com/https://raw.githubusercontent.com/shaolin-kongfu/js_scripts/main/jc_Adv_video.js"
      }
    },
    {
      "name": "晶彩每日任务宝箱领取",
      "type": "cron",
      "time": "15 22 * * *",
      "running": true,
      "job": {
        "type": "runjs",
        "target": "https://ghproxy.com/https://raw.githubusercontent.com/shaolin-kongfu/js_scripts/main/jcbox.js"
      }
    },
    {
      "name": "晶彩好友签到红包",
      "type": "cron",
      "time": "15 7 * * *",
      "running": true,
      "job": {
        "type": "runjs",
        "target": "https://ghproxy.com/https://raw.githubusercontent.com/shaolin-kongfu/js_scripts/main/jc_friendSign.js"
      }
    },
    {
      "name": "晶彩抽奖",
      "type": "cron",
      "time": "34 22 * * *",
      "running": true,
      "job": {
        "type": "runjs",
        "target": "https://ghproxy.com/https://raw.githubusercontent.com/shaolin-kongfu/js_scripts/main/jc_Rotary.js"
      }
    },
    {
      "name": "晶彩提现",
      "type": "cron",
      "time": "34 10 * * *",
      "running": true,
      "job": {
        "type": "runjs",
        "target": "https://ghproxy.com/https://raw.githubusercontent.com/shaolin-kongfu/js_scripts/main/jc_withdraw.js"
      }
    },
    {
      "name": "晶彩每日收益统计",
      "type": "cron",
      "time": "15 23 * * *",
      "running": true,
      "job": {
        "type": "runjs",
        "target": "https://ghproxy.com/https://raw.githubusercontent.com/shaolin-kongfu/js_scripts/main/jc_today_score.js"
      }
    },
    {
      "name": "晶彩看点5分钟60分钟任务领取",
      "type": "cron",
      "time": "20 10 * * *",
      "running": true,
      "job": {
        "type": "runjs",
        "target": "https://ghproxy.com/https://raw.githubusercontent.com/liuqi6968/-/blob/main/Jc_5_60.js"
      }
    },
    {
      "name": "中青音乐",
      "type": "cron",
      "time": "19 10-18 * * *",
      "running": true,
      "job": {
        "type": "runjs",
        "target": "zq_music.js"
      }
    },
    {
      "name": "中青看点5分钟60分钟任务领取",
      "type": "cron",
      "time": "20 10 * * *",
      "running": true,
      "job": {
        "type": "runjs",
        "target": "https://gitee.com/Jxell/js_scripts/raw/main/zq/zq_5_60.js"
      }
    },
    {
      "name": "晶彩天气分享阅读",
      "type": "cron",
      "time": "33,56 8-18 * * *",
      "running": true,
      "job": {
        "type": "runjs",
        "target": "https://ghproxy.com/https://raw.githubusercontent.com/leafxcy/JavaScript/main/jctq/jctq_shareRead.js"
      }
    },
    {
      "name": "中青看点分享阅读",
      "type": "cron",
      "time": "43,12 10-20 * * *",
      "running": true,
      "job": {
        "type": "runjs",
        "target": "https://ghproxy.com/https://raw.githubusercontent.com/leafxcy/JavaScript/main/zqkd/zqkd_shareRead.js"
      }
    },
    {
      "name": "晶彩看点分享阅读",
      "type": "cron",
      "time": "21,50 9-19 * * *",
      "running": true,
      "job": {
        "type": "runjs",
        "target": "https://ghproxy.com/https://raw.githubusercontent.com/leafxcy/JavaScript/main/jckd/jckd_shareRead.js"
      }
    },
    {
      "name": "清空日志",
      "type": "cron",
      "time": "30 58 23 * * *",
      "running": true,
      "job": {
        "type": "runjs",
        "target": "https://ghproxy.com/https://raw.githubusercontent.com/elecV2/elecV2P/master/script/JSFile/deletelog.js"
      }
    },
    {
      "name": "通过 REWRITE 订阅添加的任务",
      "type": "cron",
      "time": "30 0 0 * * *",
      "running": true,
      "job": {
        "type": "runjs",
        "target": "https://ghproxy.com/https://raw.githubusercontent.com/elecV2/elecV2P/master/script/JSFile/test.js"
      }
    },
    {
      "name": "中青看点翻倍",
      "type": "cron",
      "time": "0 23 * * *",
      "running": true,
      "job": {
        "type": "runjs",
        "target": "https://ghproxy.com/https://raw.githubusercontent.com/liuqi6968/-/main/zq_fbjl.js"
      }
    },
    {
      "name": "软更新升级",
      "type": "cron",
      "time": "30 58 21 * * *",
      "running": true,
      "job": {
        "type": "runjs",
        "target": "https://ghproxy.com/https://raw.githubusercontent.com/elecV2/elecV2P/master/script/JSFile/softupdate.js"
      }
    },
    {
      "name": "Python安装(Docker下)",
      "type": "schedule",
      "time": "0",
      "running": false,
      "job": {
        "type": "runjs",
        "target": "https://ghproxy.com/https://raw.githubusercontent.com/elecV2/elecV2P/master/script/JSFile/python-install.js"
      }
    },
    {
      "name": "重启 elecV2P",
      "type": "schedule",
      "time": "0",
      "running": false,
      "job": {
        "type": "exec",
        "target": "pm2 restart elecV2P"
      }
    },
    {
      "name": "任务添加并执行",
      "type": "schedule",
      "time": "10",
      "running": false,
      "job": {
        "type": "exec",
        "target": "node -v"
      }
    },
    {
      "name": "Shell 指令远程任务",
      "type": "schedule",
      "time": "0",
      "running": false,
      "job": {
        "type": "exec",
        "target": "python3 https://ghproxy.com/https://raw.githubusercontent.com/elecV2/elecV2P/master/script/Shell/elecV2P-exam.py"
      }
    }
  ]
}